"id","user_id","project_id","created_on","mail_notification"
1,5,3,2021-01-18 09:16:53.791,false
3,9,3,2021-01-18 09:16:53.873,false
72,22,1,2022-05-18 14:45:51.714,false
74,23,17,2022-05-19 13:53:20.391,false
75,23,2,2022-05-24 07:03:13.717,false
76,23,1,2022-06-02 09:46:28.002,false
77,23,13,2022-06-13 17:20:20.772,false
73,22,13,2022-05-18 14:46:20.010,false
67,22,3,2022-05-18 14:44:08.037,false
70,22,2,2022-05-18 14:44:08.106,false
86,22,9,2023-02-15 09:27:52.829,false
123,7,24,2023-05-24 13:45:01.603,false
125,26,24,2023-05-24 13:45:33.469,false
10,10,1,2021-02-01 13:23:32.706,false
11,9,1,2021-02-01 13:23:32.817,false
13,11,1,2021-02-01 13:23:32.846,false
14,12,1,2021-02-01 13:23:32.861,false
16,7,1,2021-02-01 13:23:32.890,false
18,5,2,2021-02-01 13:27:06.073,false
19,9,2,2021-02-01 13:27:06.093,false
21,14,2,2021-02-01 13:27:20.146,false
22,10,2,2021-02-01 13:27:20.165,false
23,12,2,2021-02-01 13:27:20.182,false
24,11,2,2021-02-01 13:27:20.198,false
26,9,7,2021-02-17 13:39:05.872,false
27,9,8,2021-03-05 07:40:07.758,false
28,11,9,2021-04-08 17:58:47.604,false
30,7,10,2021-04-22 09:46:03.749,false
31,7,11,2021-05-10 09:53:18.436,false
126,25,24,2023-05-24 13:45:33.483,false
12,13,1,2021-02-01 13:23:32.832,false
43,7,13,2022-01-14 08:20:38.158,false
92,12,9,2023-04-13 06:12:10.158,false
93,23,3,2023-04-13 06:12:21.542,false
40,19,13,2022-01-14 08:20:05.024,false
41,18,13,2022-01-14 08:20:11.159,false
79,25,2,2022-07-28 14:54:47.320,false
80,25,1,2022-07-28 14:55:14.225,false
81,25,9,2022-07-28 14:55:14.278,false
32,15,3,2021-08-13 09:58:59.634,false
104,22,19,2023-04-18 07:29:42.288,false
35,15,2,2021-08-13 09:58:59.694,false
44,15,13,2022-01-14 08:20:55.563,false
46,15,14,2022-01-31 07:37:49.785,false
48,15,6,2022-02-07 08:48:17.516,false
49,12,15,2022-02-18 14:26:07.287,false
51,7,15,2022-02-18 14:26:07.338,false
53,21,16,2022-03-03 14:51:39.813,false
54,21,3,2022-03-03 14:52:23.939,false
107,22,20,2023-04-20 14:42:55.994,false
57,21,2,2022-03-03 14:52:24.006,false
61,12,17,2022-04-19 10:46:33.445,false
63,7,17,2022-04-19 10:46:48.372,false
66,21,17,2022-05-04 05:55:23.880,false
97,26,9,2023-04-13 06:12:45.762,false
98,26,2,2023-04-13 06:12:49.103,false
87,23,9,2023-02-15 09:28:02.917,false
113,22,21,2023-05-09 07:53:53.252,false
78,24,9,2022-07-13 08:18:48.488,false
124,24,24,2023-05-24 13:45:16.809,false
133,24,23,2023-05-24 13:46:46.850,false
17,8,1,2021-02-01 13:23:32.904,false
25,8,2,2021-02-01 13:27:20.215,false
90,8,9,2023-04-13 06:11:08.470,false
131,22,24,2023-05-24 13:45:47.690,false
140,22,23,2023-05-24 13:47:23.482,false
114,13,24,2023-05-24 13:43:27.243,false
99,7,19,2023-04-18 07:28:02.567,false
102,25,19,2023-04-18 07:28:45.286,false
105,23,20,2023-04-20 14:42:55.964,false
109,7,20,2023-04-20 14:43:12.022,false
110,12,19,2023-05-09 07:28:37.935,false
111,23,21,2023-05-09 07:53:53.222,false
127,12,24,2023-05-24 13:45:33.497,false
132,13,23,2023-05-24 13:46:46.836,false
134,7,23,2023-05-24 13:47:01.805,false
135,26,23,2023-05-24 13:47:14.376,false
136,25,23,2023-05-24 13:47:14.390,false
137,12,23,2023-05-24 13:47:14.404,false
42,8,13,2022-01-14 08:20:19.631,false
52,8,15,2022-02-18 14:26:07.353,false
62,8,17,2022-04-19 10:46:33.459,false
103,8,19,2023-04-18 07:28:45.325,false
108,8,20,2023-04-20 14:43:03.846,false
129,8,24,2023-05-24 13:45:33.525,false
2,6,3,2021-01-18 09:16:53.855,false
15,6,1,2021-02-01 13:23:32.876,false
20,6,2,2021-02-01 13:27:06.110,false
29,6,9,2021-04-08 17:59:00.102,false
45,6,13,2022-01-14 08:20:55.578,false
47,6,14,2022-01-31 07:37:49.801,false
60,6,17,2022-04-19 10:45:20.518,false
100,6,19,2023-04-18 07:28:10.503,false
106,6,20,2023-04-20 14:42:55.979,false
112,6,21,2023-05-09 07:53:53.238,false
130,6,24,2023-05-24 13:45:47.676,false
139,6,23,2023-05-24 13:47:23.468,false
141,6,25,2023-05-30 07:13:19.228,false
143,7,25,2023-05-30 07:13:29.530,false
91,20,2,2023-04-13 06:11:25.354,false
50,20,15,2022-02-18 14:26:07.324,false
82,20,13,2022-08-02 13:33:30.514,false
64,20,1,2022-05-02 11:45:24.178,false
65,20,9,2022-05-02 11:46:22.422,false
101,20,19,2023-04-18 07:28:10.518,false
128,20,24,2023-05-24 13:45:33.511,false
138,20,23,2023-05-24 13:47:14.418,false
145,23,26,2023-06-22 05:16:57.500,false
147,7,26,2023-06-22 05:17:13.425,false
148,7,27,2023-06-22 05:18:36.628,false
149,14,27,2023-06-22 05:18:49.691,false
150,10,27,2023-06-22 05:18:49.711,false
151,25,27,2023-06-22 05:18:49.728,false
153,11,27,2023-06-22 05:18:49.761,false
154,12,27,2023-06-22 05:18:49.777,false
155,26,27,2023-06-22 05:18:49.793,false
156,20,27,2023-06-22 05:18:49.810,false
163,26,1,2023-06-22 05:22:24.296,false
166,28,26,2023-06-22 08:18:37.679,false
221,12,37,2023-07-07 07:28:27.578,false
223,7,37,2023-07-07 07:28:40.305,false
226,25,30,2023-07-12 14:18:12.815,false
227,25,32,2023-07-12 14:19:09.641,false
239,29,39,2023-07-13 09:50:31.900,false
240,26,39,2023-07-13 09:50:54.175,false
241,25,39,2023-07-13 09:50:54.189,false
242,12,39,2023-07-13 09:50:54.203,false
243,20,39,2023-07-13 09:50:54.217,false
245,27,20,2023-07-20 13:31:06.670,false
146,27,26,2023-06-22 05:16:57.516,false
157,27,3,2023-06-22 05:19:38.053,false
246,25,31,2023-07-20 13:55:46.202,false
247,26,40,2023-07-28 07:49:33.044,false
160,27,2,2023-06-22 05:19:38.117,false
248,25,40,2023-07-28 07:49:33.060,false
162,27,1,2023-06-22 05:22:16.075,false
172,7,28,2023-07-03 09:53:40.056,false
173,23,28,2023-07-03 09:53:54.512,false
174,27,28,2023-07-03 09:53:54.527,false
175,14,28,2023-07-03 09:54:04.397,false
176,10,28,2023-07-03 09:54:04.417,false
177,25,28,2023-07-03 09:54:04.434,false
179,11,28,2023-07-03 09:54:04.467,false
180,12,28,2023-07-03 09:54:04.483,false
181,26,28,2023-07-03 09:54:04.499,false
182,20,28,2023-07-03 09:54:04.515,false
254,26,41,2023-09-12 07:35:54.416,false
255,25,41,2023-09-12 07:35:54.431,false
256,12,41,2023-09-12 07:35:54.445,false
183,26,29,2023-07-04 08:20:31.594,false
184,25,29,2023-07-04 08:20:31.610,false
185,12,29,2023-07-04 08:20:31.626,false
186,20,29,2023-07-04 08:20:31.640,false
188,20,30,2023-07-04 08:22:22.313,false
192,26,31,2023-07-04 19:07:08.428,false
193,20,31,2023-07-04 19:07:08.444,false
196,26,32,2023-07-04 19:08:22.995,false
197,20,32,2023-07-04 19:08:23.010,false
201,7,16,2023-07-04 19:09:56.170,false
207,7,33,2023-07-04 19:15:30.375,false
210,27,34,2023-07-04 19:16:24.925,false
212,7,34,2023-07-04 19:16:31.995,false
213,13,35,2023-07-04 19:17:31.919,false
219,13,36,2023-07-04 19:18:47.124,false
249,12,40,2023-07-28 07:49:33.075,false
250,20,40,2023-07-28 07:49:33.089,false
260,27,42,2023-10-24 12:46:05.952,false
203,29,16,2023-07-04 19:11:37.558,false
206,29,33,2023-07-04 19:15:30.360,false
211,29,34,2023-07-04 19:16:31.980,false
215,29,35,2023-07-04 19:17:31.947,false
216,29,36,2023-07-04 19:18:39.585,false
230,14,18,2023-07-13 09:16:57.057,false
231,10,18,2023-07-13 09:16:57.076,false
232,25,18,2023-07-13 09:16:57.093,false
233,11,18,2023-07-13 09:16:57.110,false
234,12,18,2023-07-13 09:16:57.141,false
235,26,18,2023-07-13 09:16:57.158,false
236,20,18,2023-07-13 09:16:57.174,false
262,7,42,2023-10-24 12:46:28.226,false
263,12,43,2023-10-24 12:51:17.636,false
264,20,43,2023-10-24 12:51:17.651,false
267,22,43,2023-10-24 12:51:29.831,false
257,20,41,2023-09-12 07:35:54.460,false
142,22,25,2023-05-30 07:13:19.244,false
225,22,38,2023-07-07 12:45:47.107,false
168,22,4,2023-06-26 08:11:16.938,false
170,22,5,2023-06-26 08:12:21.416,false
191,22,30,2023-07-04 08:22:31.735,false
200,22,16,2023-07-04 19:09:42.773,false
205,22,33,2023-07-04 19:15:20.811,false
209,22,34,2023-07-04 19:16:24.909,false
218,22,36,2023-07-04 19:18:39.614,false
253,22,41,2023-09-12 07:35:33.284,false
268,27,43,2023-10-24 12:51:29.844,false
269,7,43,2023-10-24 12:51:38.136,false
270,23,44,2023-11-02 12:55:12.724,false
272,22,44,2023-11-02 12:55:12.755,false
273,7,44,2023-11-02 12:55:20.924,false
152,8,27,2023-06-22 05:18:49.744,false
222,8,37,2023-07-07 07:28:27.594,false
237,8,3,2023-07-13 09:42:29.348,false
244,8,39,2023-07-13 09:50:54.231,false
238,24,39,2023-07-13 09:50:31.886,false
195,24,32,2023-07-04 19:08:04.886,false
214,24,35,2023-07-04 19:17:31.933,false
220,24,36,2023-07-04 19:18:47.138,false
178,8,28,2023-07-03 09:54:04.450,false
187,8,29,2023-07-04 08:20:31.655,false
189,8,30,2023-07-04 08:22:22.327,false
194,8,31,2023-07-04 19:07:08.458,false
198,8,32,2023-07-04 19:08:23.024,false
202,8,16,2023-07-04 19:09:56.184,false
251,8,40,2023-07-28 07:49:33.104,false
261,8,42,2023-10-24 12:46:15.772,false
274,12,45,2023-11-27 09:49:39.219,false
276,7,45,2023-11-27 09:49:48.202,false
278,23,42,2023-12-18 07:01:51.788,false
279,12,46,2024-01-15 09:57:00.570,false
281,12,47,2024-01-15 12:35:17.630,false
283,23,48,2024-02-05 12:21:41.868,false
285,22,48,2024-02-05 12:21:41.899,false
286,27,48,2024-02-05 12:21:41.913,false
287,12,48,2024-02-05 12:21:56.697,false
289,30,48,2024-02-05 12:24:44.381,false
290,7,48,2024-02-05 12:24:44.397,false
293,25,51,2024-04-04 11:57:34.098,false
295,23,51,2024-04-04 11:57:55.016,false
297,27,51,2024-04-04 11:57:55.045,false
298,30,51,2024-04-04 11:58:06.394,false
299,13,51,2024-04-04 11:58:06.409,false
301,7,51,2024-04-04 11:58:06.437,false
224,6,38,2023-07-07 12:45:47.091,false
167,6,4,2023-06-26 08:11:16.923,false
169,6,5,2023-06-26 08:12:21.402,false
171,6,12,2023-06-26 08:13:01.169,false
190,6,30,2023-07-04 08:22:31.721,false
199,6,16,2023-07-04 19:09:42.759,false
204,6,33,2023-07-04 19:15:20.796,false
208,6,34,2023-07-04 19:16:24.892,false
217,6,36,2023-07-04 19:18:39.599,false
259,6,42,2023-10-24 12:46:05.936,false
266,6,43,2023-10-24 12:51:29.816,false
252,6,41,2023-09-12 07:35:33.216,false
271,6,44,2023-11-02 12:55:12.740,false
284,6,48,2024-02-05 12:21:41.884,false
291,6,49,2024-02-14 09:00:23.118,false
292,6,50,2024-03-07 07:40:42.762,false
296,6,51,2024-04-04 11:57:55.031,false
340,23,58,2025-03-12 15:04:24.627,false
341,6,58,2025-03-12 15:04:24.643,false
342,27,58,2025-03-12 15:04:24.657,false
343,7,58,2025-03-12 15:04:34.423,false
344,23,59,2025-04-11 12:02:32.256,false
345,8,59,2025-04-11 12:02:32.271,false
346,7,59,2025-04-11 12:02:39.748,false
347,6,59,2025-04-11 12:02:48.227,false
348,23,60,2025-04-11 20:41:12.980,false
349,30,60,2025-04-11 20:41:12.996,false
350,6,60,2025-04-11 20:41:13.010,false
351,7,60,2025-04-11 20:41:13.025,false
352,8,60,2025-04-11 20:41:13.039,false
302,31,22,2024-04-22 09:53:05.488,false
303,31,50,2024-04-22 09:53:05.569,false
304,31,1,2024-06-17 14:06:08.889,false
305,31,2,2024-06-17 16:14:38.427,false
306,31,27,2024-06-17 16:14:38.451,false
307,31,28,2024-06-17 16:14:38.474,false
308,31,18,2024-06-17 16:14:38.496,false
277,24,1,2023-12-12 15:09:26.262,false
300,24,51,2024-04-04 11:58:06.423,false
309,6,52,2024-07-10 06:34:21.963,false
310,27,52,2024-07-10 06:34:21.979,false
229,8,18,2023-07-13 09:13:48.075,false
265,8,43,2023-10-24 12:51:17.665,false
258,8,41,2023-09-12 07:35:54.475,false
275,8,45,2023-11-27 09:49:39.261,false
280,8,46,2024-01-15 09:57:00.585,false
282,8,47,2024-01-15 12:35:17.646,false
288,8,48,2024-02-05 12:21:56.712,false
294,8,51,2024-04-04 11:57:34.114,false
311,23,53,2024-09-10 07:25:30.442,false
312,6,53,2024-09-10 07:25:30.574,false
313,27,53,2024-09-10 07:25:30.589,false
314,8,53,2024-09-10 07:25:45.767,false
315,7,53,2024-09-10 07:25:54.801,false
316,23,54,2024-09-10 07:35:17.928,false
317,6,54,2024-09-10 07:35:17.944,false
318,27,54,2024-09-10 07:35:17.959,false
319,8,54,2024-09-10 07:35:27.552,false
320,7,54,2024-09-10 07:35:37.924,false
321,7,55,2024-09-16 12:49:49.109,false
322,6,55,2024-10-07 11:57:37.298,false
323,8,55,2024-10-07 11:57:52.352,false
324,6,56,2024-11-18 13:53:45.749,false
325,7,56,2024-11-18 13:53:45.765,false
326,8,56,2024-11-18 13:53:45.780,false
327,23,57,2025-03-05 12:04:58.871,false
328,6,57,2025-03-05 12:04:58.928,false
329,27,57,2025-03-05 12:04:58.942,false
330,7,57,2025-03-05 12:05:09.175,false
331,8,57,2025-03-05 12:05:34.754,false
332,14,57,2025-03-05 12:05:34.768,false
333,10,57,2025-03-05 12:05:34.792,false
334,11,57,2025-03-05 12:05:34.808,false
335,25,57,2025-03-05 12:05:34.824,false
336,26,57,2025-03-05 12:05:34.841,false
337,31,57,2025-03-05 12:05:34.857,false
338,20,57,2025-03-05 12:05:34.873,false
339,12,57,2025-03-05 12:05:34.889,false
